<?xml version="1.0" encoding="UTF-8"?>
<!-- 
    file                 : torcs-f-b.xml
    created              : Sat Mar 18 22:58:22 CET 2000
    copyright            : (C) 2000 by Eric Espie                         
    email                : torcs@free.fr   
    version              : $Id: default.xml,v 1.2.2.1 2008/05/27 22:33:23 berniw Exp $                                  
-->

<!--    This program is free software; you can redistribute it and/or modify  -->
<!--    it under the terms of the GNU General Public License as published by  -->
<!--    the Free Software Foundation; either version 2 of the License, or     -->
<!--    (at your option) any later version.                                   -->

<!DOCTYPE params SYSTEM "../../../../src/libs/tgf/params.dtd">

<params name="Peugeot 406" type="template">

	<section name="Car">
		<attnum name="initial fuel" min="1.0" max="50" unit="l" val="50"/>
	</section>
	
	<section name="Gearbox">
		<section name="gears">
			<section name="r">
				<attnum name="ratio" min="-3" max="0" val="-2.0"/>
			</section>
			<section name="1">
				<attnum name="ratio" min="0" max="5" val="3.82"/>
			</section>
			<section name="2">
				<attnum name="ratio" min="0" max="5" val="2.15"/>
			</section>
			<section name="3">
				<attnum name="ratio" min="0" max="5" val="1.56"/>
			</section>
			<section name="4">
				<attnum name="ratio" min="0" max="5" val="1.21"/>
			</section>
			<section name="5">
				<attnum name="ratio" min="0" max="5" val="0.97"/>
			</section>
		</section>
	</section>
	
	<section name="Steer">
		<attnum name="steer lock" min="10" max="45" unit="deg" val="38"/>
		<attnum name="max steer speed" min="1" max="360" unit="deg/s" val="120"/>
	</section>
	
	<section name="Brake System">
		<attnum name="front-rear brake repartition" min="0.3" max="0.7" val="0.63"/>
		<attnum name="max pressure" min="1000" max="500000" unit="kPa" val="65000"/>
	</section>
	
	<section name="Front Differential">
		<!-- type of differential : SPOOL (locked), FREE, LIMITED SLIP -->
		<attstr name="type" in="SPOOL,FREE,LIMITED SLIP,VISCOUS COUPLER" val="FREE"/>
		<attnum name="ratio" min="0" max="10" val="3.7"/>
	</section>
	
	<section name="Front Right Wheel">
		<attnum name="toe" min="-5" max="5" unit="deg" val="0"/>
		<attnum name="ride height" min="50" max="1000" unit="mm" val="150"/>
		<attnum name="camber" min="-5" max="0" unit="deg" val="0"/>
	</section>
	
	<section name="Front Left Wheel">
		<attnum name="toe" min="-5" max="5" unit="deg" val="0"/>
		<attnum name="ride height" min="50" max="1000" unit="mm" val="150"/>
		<attnum name="camber" min="-5" max="0" unit="deg" val="0"/>
	</section>
	
	<section name="Rear Right Wheel">
		<attnum name="toe" min="-5" max="5" unit="deg" val="0"/>
		<attnum name="ride height" min="50" max="1000" unit="mm" val="150"/>
		<attnum name="camber" min="-5" max="0" unit="deg" val="-2"/>
	</section>
	
	<section name="Rear Left Wheel">
		<attnum name="toe" min="-5" max="5" unit="deg" val="0"/>
		<attnum name="ride height" min="50" max="1000" unit="mm" val="150"/>
		<attnum name="camber" min="-5" max="0" unit="deg" val="-2"/>
	</section>
	
	<section name="Front Anti-Roll Bar">
		<attnum name="spring" min="0" max="5000" unit="lbs/in" val="1000"/>
	</section>
	
	<section name="Rear Anti-Roll Bar">
		<attnum name="spring" min="0" max="5000" unit="lbs/in" val="0"/>
	</section>
	
	<section name="Front Right Suspension">
		<attnum name="spring" min="0" max="10000" unit="lbs/in" val="2000"/>
		<attnum name="suspension course" min="0" max="0.5" unit="m" val="0.3"/>
		<attnum name="bellcrank" min="0.1" max="5" val="1.2"/>
		<attnum name="packers" min="0" max="10" unit="mm" val="0"/>
		<attnum name="slow bump" min="0" max="1000" unit="lbs/in/s" val="400"/>
		<attnum name="slow rebound" min="0" max="1000" unit="lbs/in/s" val="300"/>
		<attnum name="fast bump" min="0" max="1000" unit="lbs/in/s" val="40"/>
		<attnum name="fast rebound" min="0" max="1000" unit="lbs/in/s" val="80"/>
	</section>
	
	<section name="Front Left Suspension">
		<attnum name="spring" min="0" max="10000" unit="lbs/in" val="2000"/>
		<attnum name="suspension course" min="0" max="0.5" unit="m" val="0.3"/>
		<attnum name="bellcrank" min="0.1" max="5" val="1.2"/>
		<attnum name="packers" min="0" max="10" unit="mm" val="0"/>
		<attnum name="slow bump" min="0" max="1000" unit="lbs/in/s" val="400"/>
		<attnum name="slow rebound" min="0" max="1000" unit="lbs/in/s" val="300"/>
		<attnum name="fast bump" min="0" max="1000" unit="lbs/in/s" val="40"/>
		<attnum name="fast rebound" min="0" max="1000" unit="lbs/in/s" val="80"/>
	</section>
	
	<section name="Rear Right Suspension">
		<attnum name="spring" min="0" max="10000" unit="lbs/in" val="1500"/>
		<attnum name="suspension course" min="0" max="0.5" unit="m" val="0.3"/>
		<attnum name="bellcrank" min="0.1" max="5" val="1.2"/>
		<attnum name="packers" min="0" max="10" unit="mm" val="0"/>
		<attnum name="slow bump" min="0" max="1000" unit="lbs/in/s" val="200"/>
		<attnum name="slow rebound" min="0" max="1000" unit="lbs/in/s" val="300"/>
		<attnum name="fast bump" min="0" max="1000" unit="lbs/in/s" val="40"/>
		<attnum name="fast rebound" min="0" max="1000" unit="lbs/in/s" val="80"/>
	</section>
	
	<section name="Rear Left Suspension">
		<attnum name="spring" min="0" max="10000" unit="lbs/in" val="1500"/>
		<attnum name="suspension course" min="0" max="0.5" unit="m" val="0.3"/>
		<attnum name="bellcrank" min="0.1" max="5" val="1.2"/>
		<attnum name="packers" min="0" max="10" unit="mm" val="0"/>
		<attnum name="slow bump" min="0" max="1000" unit="lbs/in/s" val="200"/>
		<attnum name="slow rebound" min="0" max="1000" unit="lbs/in/s" val="300"/>
		<attnum name="fast bump" min="0" max="1000" unit="lbs/in/s" val="40"/>
		<attnum name="fast rebound" min="0" max="1000" unit="lbs/in/s" val="80"/>
	</section>
	
	<section name="Front Right Brake">
		<attnum name="disk diameter" min="100" max="380" unit="mm" val="280"/>
		<attnum name="piston area" unit="cm2" val="25"/>
		<attnum name="mu" val="0.30"/>
		<attnum name="inertia" unit="kg.m2" val="0.1441"/>
	</section>
	
	<section name="Front Left Brake">
		<attnum name="disk diameter" min="100" max="380" unit="mm" val="280"/>
		<attnum name="piston area" unit="cm2" val="25"/>
		<attnum name="mu" val="0.30"/>
		<attnum name="inertia" unit="kg.m2" val="0.1441"/>
	</section>
	
	<section name="Rear Right Brake">
		<attnum name="disk diameter" min="100" max="380" unit="mm" val="200"/>
		<attnum name="piston area" unit="cm2" val="15"/>
		<attnum name="mu" val="0.30"/>
		<attnum name="inertia" unit="kg.m2" val="0.1214"/>
	</section>
	
	<section name="Rear Left Brake">
		<attnum name="disk diameter" min="100" max="380" unit="mm" val="200"/>
		<attnum name="piston area" unit="cm2" val="15"/>
		<attnum name="mu" val="0.30"/>
		<attnum name="inertia" unit="kg.m2" val="0.1214"/>
	</section>
	
</params>


