<?xml version="1.0" encoding="UTF-8"?>

<!-- 
	 file                 : car1-ow1.xml
	 created              : Tue Nov 02 23:03:59 CET 2000
	 copyright            : (C) 2004 by SpeedyChonChon
	 email                : speedy.chonchon@free.fr
	 version              : $Id: default.xml,v 1.2.2.2 2010/01/24 18:25:56 berniw Exp $
	 -->

<!--    This program is free software; you can redistribute it and/or modify  -->
<!--    it under the terms of the GNU General Public License as published by  -->
<!--    the Free Software Foundation; either version 2 of the License, or     -->
<!--    (at your option) any later version.                                   -->

<!DOCTYPE params SYSTEM "../../../../src/libs/tgf/params.dtd">

<params name="car1-ow1" type="template">
	
	<section name="Car">
		<!-- used for inertia, smaller values indicate better mass centering -->
		<attnum name="initial fuel" unit="l" min="1.0" max="100.0" val="100.0"/>
	</section>	
		
	<section name="Front Wing">
		<attnum name="angle" unit="deg" val="13"/>
	</section>
	
	<section name="Rear Wing">
		<attnum name="angle" unit="deg" val="10"/>
	</section>
		
	<section name="Gearbox">
		<section name="gears">
			<section name="r">
				<attnum name="ratio" min="-3" max="0" val="-2.0"/>
				<attnum name="inertia" val="0.0037"/>
				<attnum name="efficiency" val="0.957"/>
			</section>
			
			<section name="1">
				<attnum name="ratio" min="0" max="5" val="3.9"/>
				<attnum name="inertia" val="0.003"/>
				<attnum name="efficiency" val="0.955"/>
			</section>
			
			<section name="2">
				<attnum name="ratio" min="0" max="5" val="2.9"/>
				<attnum name="inertia" val="0.0037"/>
				<attnum name="efficiency" val="0.957"/>
			</section>
			
			<section name="3">
				<attnum name="ratio" min="0" max="5" val="2.3"/>
				<attnum name="inertia" val="0.0048"/>
				<attnum name="efficiency" val="0.950"/>
			</section>
			
			<section name="4">
				<attnum name="ratio" min="0" max="5" val="1.87"/>
				<attnum name="inertia" val="0.0064"/>
				<attnum name="efficiency" val="0.983"/>
			</section>
			
			<section name="5">
				<attnum name="ratio" min="0" max="5" val="1.68"/>
				<attnum name="inertia" val="0.0107"/>
				<attnum name="efficiency" val="0.948"/>
			</section>
			
			<section name="6">
				<attnum name="ratio" min="0" max="5" val="1.54"/>
				<attnum name="inertia" val="0.0150"/>
				<attnum name="efficiency" val="0.940"/>
			</section>
			
			<section name="7">
				<attnum name="ratio" min="0" max="5" val="1.46"/>
				<attnum name="inertia" val="0.0150"/>
				<attnum name="efficiency" val="0.940"/>
			</section>
			
			
		</section>
	</section>
	
	<section name="Steer">
		<attnum name="steer lock" unit="deg" min="1" max="21" val="21"/>
		<attnum name="max steer speed" unit="deg/s" min="1" max="360" val="360"/>
	</section>
		
	<section name="Brake System">
		<attnum name="front-rear brake repartition" min="0.3" max="0.7" val="0.47"/>
		<attnum name="max pressure" unit="kPa" min="100" max="150000" val="24000"/>
	</section>
		
	<section name="Front Right Wheel">
		<attnum name="ypos" unit="m" val="-0.70"/>
		<attnum name="rim diameter" unit="in" val="12"/>
		<attnum name="tire width" unit="mm" val="300"/>
		<attnum name="tire height-width ratio" val="0.5"/>
		<attnum name="inertia" unit="kg.m2" val="1.2200"/>
		
		<!-- initial ride height -->
		<attnum name="ride height" unit="mm" min="50" max="300" val="90"/>
		<attnum name="toe" unit="deg" min="-5" max="5" val="0"/>
		<attnum name="camber" min="-5" max="0" unit="deg" val="-4"/>
		
		<!-- Adherence -->
		<attnum name="stiffness" min="20.0" max="50.0" val="20.0"/>
		<attnum name="dynamic friction" unit="%" min="70" max="80" val="70"/>
		<attnum name="rolling resistance" val="0.03"/>
		<attnum name="mu" min="0.05" max="1.8" val="1.6"/>
	</section>
	
	<section name="Front Left Wheel">
		<attnum name="ypos" unit="m" val="0.70"/>
		<attnum name="rim diameter" unit="in" val="12"/>
		<attnum name="tire width" unit="mm" val="300"/>
		<attnum name="tire height-width ratio" val="0.5"/>
		
		<!-- initial ride height -->
		<attnum name="ride height" unit="mm" min="50" max="300" val="90"/>
		<attnum name="toe" unit="deg" min="-5" max="5" val="0"/>
		<attnum name="camber" min="-5" max="0" unit="deg" val="-4"/>
		
		<!-- Adherence -->
		<attnum name="stiffness" min="20.0" max="50.0" val="20.0"/>
		<attnum name="dynamic friction" unit="%" min="70" max="80" val="70"/>
		<attnum name="rolling resistance" val="0.03"/>
		<attnum name="mu" min="0.05" max="1.8" val="1.6"/>
	</section>
	
	<section name="Rear Right Wheel">
		<attnum name="ypos" unit="m" val="-0.75"/>
		<attnum name="rim diameter" unit="in" val="13"/>
		<attnum name="tire width" unit="mm" val="300"/>
		<attnum name="tire height-width ratio" val=".5"/>
		
		<!-- initial ride height -->
		<attnum name="ride height" unit="mm" min="50" max="300" val="100"/>
		<attnum name="toe" unit="deg" min="-5" max="5" val="0.15"/>
		<attnum name="camber" min="-5" max="0" unit="deg" val="-1.5"/>
		
		<!-- Adherence -->
		<attnum name="stiffness" min="20.0" max="50.0" val="20.0"/>
		<attnum name="dynamic friction" unit="%" min="70" max="80" val="70"/>
		<attnum name="rolling resistance" val="0.03"/>
		<attnum name="mu" min="0.05" max="1.8" val="1.6"/>
	</section>
	
	<section name="Rear Left Wheel">
		<attnum name="ypos" unit="m" val="0.75"/>
		<attnum name="rim diameter" unit="in" val="13"/>
		<attnum name="tire width" unit="mm" val="300"/>
		<attnum name="tire height-width ratio" val=".5"/>
		
		<!-- initial ride height -->
		<attnum name="ride height" unit="mm" min="50" max="300" val="100"/>
		<attnum name="toe" unit="deg" min="-5" max="5" val="-0.15"/>
		<attnum name="camber" min="-5" max="0" unit="deg" val="-1.5"/>
		
		<!-- Adherence -->
		<attnum name="stiffness" min="20.0" max="50.0" val="20.0"/>
		<attnum name="dynamic friction" unit="%" min="70" max="80" val="70"/>
		<attnum name="rolling resistance" val="0.03"/>
		<attnum name="mu" min="0.05" max="1.8" val="1.6"/>
	</section>
	
	<section name="Front Anti-Roll Bar">
		<attnum name="spring" unit="lbs/in" min="0" max="5000" val="0"/>
		<attnum name="suspension course" unit="m" min="0" max="0.2" val="0.2"/>
		<attnum name="bellcrank" min="1" max="5" val="2.5"/>
	</section>
	
	<section name="Rear Anti-Roll Bar">
		<attnum name="spring" unit="lbs/in" min="0" max="5000" val="0"/>
		<attnum name="suspension course" unit="m" min="0" max="0.2" val="0.2"/>
		<attnum name="bellcrank" min="1" max="5" val="2.5"/>
	</section>
	
	<section name="Front Right Suspension">
		<attnum name="spring" unit="lbs/in" min="0" max="10000" val="2000"/>
		<attnum name="suspension course" unit="m" min="0" max="0.2" val="0.2"/>
		<attnum name="bellcrank" min="0.1" max="5" val="1.5"/>
		<attnum name="packers" unit="mm" min="0" max="10" val="0"/>
		<attnum name="slow bump" unit="lbs/in/s" min="0" max="1000" val="80"/>
		<attnum name="slow rebound" unit="lbs/in/s" min="0" max="1000" val="50"/>
		<attnum name="fast bump" unit="lbs/in/s" min="0" max="1000" val="30"/>
		<attnum name="fast rebound" unit="lbs/in/s" min="0" max="1000" val="30"/>
	</section>
	
	<section name="Front Left Suspension">
		<attnum name="spring" unit="lbs/in" min="0" max="10000" val="2000"/>
		<attnum name="suspension course" unit="m" min="0" max="0.2" val="0.2"/>
		<attnum name="bellcrank" min="0.1" max="5" val="1.5"/>
		<attnum name="packers" unit="mm" min="0" max="10" val="0"/>
		<attnum name="slow bump" unit="lbs/in/s" min="0" max="1000" val="80"/>
		<attnum name="slow rebound" unit="lbs/in/s" min="0" max="1000" val="50"/>
		<attnum name="fast bump" unit="lbs/in/s" min="0" max="1000" val="30"/>
		<attnum name="fast rebound" unit="lbs/in/s" min="0" max="1000" val="30"/>
	</section>
	
	<section name="Rear Right Suspension">
		<attnum name="spring" unit="lbs/in" min="0" max="10000" val="3000"/>
		<attnum name="suspension course" unit="m" min="0" max="0.2" val="0.2"/>
		<attnum name="bellcrank" min="0.1" max="5" val="1.5"/>
		<attnum name="packers" unit="mm" min="0" max="10" val="0"/>
		<attnum name="slow bump" unit="lbs/in/s" min="0" max="1000" val="80"/>
		<attnum name="slow rebound" unit="lbs/in/s" min="0" max="1000" val="150"/>
		<attnum name="fast bump" unit="lbs/in/s" min="0" max="1000" val="50"/>
		<attnum name="fast rebound" unit="lbs/in/s" min="0" max="1000" val="50"/>
	</section>
	
	<section name="Rear Left Suspension">
		<attnum name="spring" unit="lbs/in" min="0" max="10000" val="3000"/>
		<attnum name="suspension course" unit="m" min="0" max="0.2" val="0.2"/>
		<attnum name="bellcrank" min="0.1" max="5" val="1.5"/>
		<attnum name="packers" unit="mm" min="0" max="10" val="0"/>
		<attnum name="slow bump" unit="lbs/in/s" min="0" max="1000" val="80"/>
		<attnum name="slow rebound" unit="lbs/in/s" min="0" max="1000" val="150"/>
		<attnum name="fast bump" unit="lbs/in/s" min="0" max="1000" val="50"/>
		<attnum name="fast rebound" unit="lbs/in/s" min="0" max="1000" val="50"/>
	</section>
	
	<section name="Front Right Brake">
		<attnum name="disk diameter" unit="mm" min="100" max="380" val="380"/>
		<attnum name="piston area" unit="cm2" val="50"/>
		<attnum name="mu" val="0.3"/>
		<attnum name="inertia" unit="kg.m2" val="0.1241"/>
	</section>
	
	<section name="Front Left Brake">
		<attnum name="disk diameter" unit="mm" min="100" max="380" val="380"/>
		<attnum name="piston area" unit="cm2" val="50"/>
		<attnum name="mu" val="0.3"/>
		<attnum name="inertia" unit="kg.m2" val="0.1241"/>
	</section>
	
	<section name="Rear Right Brake">
		<attnum name="disk diameter" unit="mm" min="100" max="380" val="350"/>
		<attnum name="piston area" unit="cm2" val="25"/>
		<attnum name="mu" val="0.3"/>
		<attnum name="inertia" unit="kg.m2" val="0.0714"/>
	</section>
	
	<section name="Rear Left Brake">
		<attnum name="disk diameter" unit="mm" min="100" max="380" val="350"/>
		<attnum name="piston area" unit="cm2" val="25"/>
		<attnum name="mu" val="0.3"/>
		<attnum name="inertia" unit="kg.m2" val="0.0714"/>
	</section>
</params>
